<?xml version="1.0" encoding="utf-8" standalone="yes"?>
<application xmlns="http://ns.adobe.com/air/application/3.4">
    <id>com.matthewjamessullivan.HallowettesWorld</id>
    <versionNumber>1.0</versionNumber>
    <filename>Hallowette's World</filename>
    <description>An immerive Flash based game using the artwork of Hallowette (Erika Stark).</description>
    <!-- To localize the description, use the following format for the description element.
	<description>
		<text xml:lang="en">English App description goes here</text>
		<text xml:lang="fr">French App description goes here</text>
		<text xml:lang="ja">Japanese App description goes here</text>
	</description>
	-->
    <name>Hallowette's World</name>
    <!-- To localize the name, use the following format for the name element.
	<name>
		<text xml:lang="en">English App name goes here</text>
		<text xml:lang="fr">French App name goes here</text>
		<text xml:lang="ja">Japanese App name goes here</text>
	</name>
	-->
    <copyright>©MatthewJamesSullivan 2013</copyright>
    <initialWindow>
        <content>hallowettes_world.swf</content>
        <systemChrome>none</systemChrome>
        <transparent>true</transparent>
        <visible>true</visible>
        <fullScreen>false</fullScreen>
        <autoOrients>false</autoOrients>
        <aspectRatio>portrait</aspectRatio>
        <renderMode>auto</renderMode>
        <maximizable>false</maximizable>
        <minimizable>true</minimizable>
        <resizable>false</resizable>
    </initialWindow>
    <customUpdateUI>false</customUpdateUI>
    <allowBrowserInvocation>false</allowBrowserInvocation>
    <icon>
        <image128x128>AppIconsForPublish/icon.png</image128x128>
        <image48x48>AppIconsForPublish/icon2.png</image48x48>
        <image32x32>AppIconsForPublish/icon3.png</image32x32>
        <image16x16>AppIconsForPublish/icon4.png</image16x16>
    </icon>
    <supportedProfiles>desktop</supportedProfiles>
</application>